<?xml version="1.0" encoding="UTF-8"?>
<GenRun Id="synth_1" LaunchPart="xc7a35tcpg236-1" LaunchTime="1541248335">
  <File Type="PA-TCL" Name="Voice_Scope_TOP.tcl"/>
  <File Type="REPORTS-TCL" Name="Voice_Scope_TOP_reports.tcl"/>
  <File Type="RDS-RDS" Name="Voice_Scope_TOP.vds"/>
  <File Type="RDS-UTIL" Name="Voice_Scope_TOP_utilization_synth.rpt"/>
  <File Type="RDS-UTIL-PB" Name="Voice_Scope_TOP_utilization_synth.pb"/>
  <File Type="RDS-DCP" Name="Voice_Scope_TOP.dcp"/>
  <FileSet Name="sources" Type="DesignSrcs" RelSrcDir="$PSRCDIR/sources_1">
    <Filter Type="Srcs"/>
    <File Path="$PSRCDIR/sources_1/imports/new/Draw_Background.v">
      <FileInfo>
        <Attr Name="ImportPath" Val="F:/../../../../../EE2026 AY18-19 SEM1/Project/ForStudents/Voice_Scope_Project_Template.xpr/Voice_Scope_Project_Template/Voice_Scope_Project_Template.srcs/sources_1/new/Draw_Background.v"/>
        <Attr Name="ImportTime" Val="1537963450"/>
        <Attr Name="UsedIn" Val="synthesis"/>
        <Attr Name="UsedIn" Val="implementation"/>
        <Attr Name="UsedIn" Val="simulation"/>
      </FileInfo>
    </File>
    <File Path="$PSRCDIR/sources_1/imports/new/Draw_Waveform.v">
      <FileInfo>
        <Attr Name="ImportPath" Val="F:/../../../../../EE2026 AY18-19 SEM1/Project/ForStudents/Voice_Scope_Project_Template.xpr/Voice_Scope_Project_Template/Voice_Scope_Project_Template.srcs/sources_1/new/Draw_Waveform.v"/>
        <Attr Name="ImportTime" Val="1538128550"/>
        <Attr Name="UsedIn" Val="synthesis"/>
        <Attr Name="UsedIn" Val="implementation"/>
        <Attr Name="UsedIn" Val="simulation"/>
      </FileInfo>
    </File>
    <File Path="$PSRCDIR/sources_1/new/TestWave_Gen.v">
      <FileInfo>
        <Attr Name="ImportPath" Val="F:/../../../../../ee2026labfiles/Voice_Scope_Project_Template/Voice_Scope_Project_Template.srcs/sources_1/new/TestWave_Gen.v"/>
        <Attr Name="ImportTime" Val="1539274271"/>
        <Attr Name="UsedIn" Val="synthesis"/>
        <Attr Name="UsedIn" Val="implementation"/>
        <Attr Name="UsedIn" Val="simulation"/>
      </FileInfo>
    </File>
    <File Path="$PSRCDIR/sources_1/imports/new/VGA_DISPLAY.v">
      <FileInfo>
        <Attr Name="ImportPath" Val="F:/../../../../../EE2026 AY18-19 SEM1/Project/ForStudents/Voice_Scope_Project_Template.xpr/Voice_Scope_Project_Template/Voice_Scope_Project_Template.srcs/sources_1/new/VGA_DISPLAY.v"/>
        <Attr Name="ImportTime" Val="1537516892"/>
        <Attr Name="UsedIn" Val="synthesis"/>
        <Attr Name="UsedIn" Val="implementation"/>
        <Attr Name="UsedIn" Val="simulation"/>
      </FileInfo>
    </File>
    <File Path="$PSRCDIR/sources_1/imports/new/VOICE_CAPTURER.v">
      <FileInfo>
        <Attr Name="ImportPath" Val="F:/../../../../../EE2026 AY18-19 SEM1/Project/ForStudents/Voice_Scope_Project_Template.xpr/Voice_Scope_Project_Template/Voice_Scope_Project_Template.srcs/sources_1/new/VOICE_CAPTURER.v"/>
        <Attr Name="ImportTime" Val="1537514638"/>
        <Attr Name="UsedIn" Val="synthesis"/>
        <Attr Name="UsedIn" Val="implementation"/>
        <Attr Name="UsedIn" Val="simulation"/>
      </FileInfo>
    </File>
    <File Path="$PSRCDIR/sources_1/new/clk_div.v">
      <FileInfo>
        <Attr Name="ImportPath" Val="F:/../../../../../ee2026labfiles/Voice_Scope_Project_Template/Voice_Scope_Project_Template.srcs/sources_1/new/clk_div.v"/>
        <Attr Name="ImportTime" Val="1539742700"/>
        <Attr Name="UsedIn" Val="synthesis"/>
        <Attr Name="UsedIn" Val="implementation"/>
        <Attr Name="UsedIn" Val="simulation"/>
      </FileInfo>
    </File>
    <File Path="$PSRCDIR/sources_1/new/flex_clk_C.v">
      <FileInfo>
        <Attr Name="ImportPath" Val="F:/../../../../../ee2026labfiles/Voice_Scope_Project_Template/Voice_Scope_Project_Template.srcs/sources_1/new/flex_clk_C.v"/>
        <Attr Name="ImportTime" Val="1539745378"/>
        <Attr Name="UsedIn" Val="synthesis"/>
        <Attr Name="UsedIn" Val="implementation"/>
        <Attr Name="UsedIn" Val="simulation"/>
      </FileInfo>
    </File>
    <File Path="$PSRCDIR/sources_1/imports/new/CLK_108M.vhd">
      <FileInfo>
        <Attr Name="ImportPath" Val="F:/../../../../../EE2026 AY18-19 SEM1/Project/ForStudents/Voice_Scope_Project_Template.xpr/Voice_Scope_Project_Template/Voice_Scope_Project_Template.srcs/sources_1/new/CLK_108M.vhd"/>
        <Attr Name="ImportTime" Val="1537517914"/>
        <Attr Name="UsedIn" Val="synthesis"/>
        <Attr Name="UsedIn" Val="simulation"/>
      </FileInfo>
    </File>
    <File Path="$PSRCDIR/sources_1/imports/new/VGA_CONTROL.vhd">
      <FileInfo>
        <Attr Name="ImportPath" Val="F:/../../../../../EE2026 AY18-19 SEM1/Project/ForStudents/Voice_Scope_Project_Template.xpr/Voice_Scope_Project_Template/Voice_Scope_Project_Template.srcs/sources_1/new/VGA_CONTROL.vhd"/>
        <Attr Name="ImportTime" Val="1537517962"/>
        <Attr Name="UsedIn" Val="synthesis"/>
        <Attr Name="UsedIn" Val="simulation"/>
      </FileInfo>
    </File>
    <File Path="$PSRCDIR/sources_1/imports/new/Voice_Scope_TOP.v">
      <FileInfo>
        <Attr Name="ImportPath" Val="F:/../../../../../EE2026 AY18-19 SEM1/Project/ForStudents/Voice_Scope_Project_Template.xpr/Voice_Scope_Project_Template/Voice_Scope_Project_Template.srcs/sources_1/new/Voice_Scope_TOP.v"/>
        <Attr Name="ImportTime" Val="1538128554"/>
        <Attr Name="UsedIn" Val="synthesis"/>
        <Attr Name="UsedIn" Val="implementation"/>
        <Attr Name="UsedIn" Val="simulation"/>
      </FileInfo>
    </File>
    <File Path="$PSRCDIR/sources_1/imports/Voice_Scope_Project_Template/archive_project_summary.txt">
      <FileInfo>
        <Attr Name="ImportPath" Val="F:/../../../../../ee2026labfiles/Voice_Scope_Project_Template/archive_project_summary.txt"/>
        <Attr Name="ImportTime" Val="1539134398"/>
      </FileInfo>
    </File>
    <File Path="$PSRCDIR/sources_1/new/volume_indicator.v">
      <FileInfo>
        <Attr Name="ImportPath" Val="F:/../../../../../ee2026labfiles/Voice_Scope_Project_Template/Voice_Scope_Project_Template.srcs/sources_1/new/volume_indicator.v"/>
        <Attr Name="ImportTime" Val="1540308919"/>
        <Attr Name="UsedIn" Val="synthesis"/>
        <Attr Name="UsedIn" Val="implementation"/>
        <Attr Name="UsedIn" Val="simulation"/>
      </FileInfo>
    </File>
    <File Path="$PSRCDIR/sources_1/new/button_control_module.v">
      <FileInfo>
        <Attr Name="ImportPath" Val="F:/../../../../../ee2026labfiles/EE2026 Project Part 2/EE2026 Project Part 2.srcs/sources_1/new/button_control_module.v"/>
        <Attr Name="ImportTime" Val="1540383117"/>
        <Attr Name="UsedIn" Val="synthesis"/>
        <Attr Name="UsedIn" Val="implementation"/>
        <Attr Name="UsedIn" Val="simulation"/>
      </FileInfo>
    </File>
    <File Path="$PSRCDIR/sources_1/new/sp_module.v">
      <FileInfo>
        <Attr Name="ImportPath" Val="F:/../../../../../ee2026labfiles/EE2026 Project Part 2/EE2026 Project Part 2.srcs/sources_1/new/sp_module.v"/>
        <Attr Name="ImportTime" Val="1540383132"/>
        <Attr Name="UsedIn" Val="synthesis"/>
        <Attr Name="UsedIn" Val="implementation"/>
        <Attr Name="UsedIn" Val="simulation"/>
      </FileInfo>
    </File>
    <File Path="$PSRCDIR/sources_1/new/d_ff.v">
      <FileInfo>
        <Attr Name="ImportPath" Val="F:/../../../../../ee2026labfiles/EE2026 Project Part 2/EE2026 Project Part 2.srcs/sources_1/new/d_ff.v"/>
        <Attr Name="ImportTime" Val="1540383144"/>
        <Attr Name="UsedIn" Val="synthesis"/>
        <Attr Name="UsedIn" Val="implementation"/>
        <Attr Name="UsedIn" Val="simulation"/>
      </FileInfo>
    </File>
    <File Path="$PSRCDIR/sources_1/new/Draw_Waveform_2.v">
      <FileInfo>
        <Attr Name="ImportPath" Val="F:/../../../../../ee2026labfiles/EE2026 Project Part 3/EE2026 Project Part 3.srcs/sources_1/new/Draw_Waveform_2.v"/>
        <Attr Name="ImportTime" Val="1540643542"/>
        <Attr Name="UsedIn" Val="synthesis"/>
        <Attr Name="UsedIn" Val="implementation"/>
        <Attr Name="UsedIn" Val="simulation"/>
      </FileInfo>
    </File>
    <File Path="$PSRCDIR/sources_1/new/mass_debounce.v">
      <FileInfo>
        <Attr Name="ImportPath" Val="E:/Google Drive/NUS CEG Undergraduate/AY2018-2019 Semester 1/EE2026/Lab_ChunLik/Voice Scope Project/Graded project/VC_Project_Final_v3/VC_Project_Final_v1/Voice_Scope_ChunLik_v13/Voice_Scope_ChunLik_v13/Voice_Scope_ChunLik_v13.srcs/sources_1/new/mass_debounce.v"/>
        <Attr Name="ImportTime" Val="1540816281"/>
        <Attr Name="UsedIn" Val="synthesis"/>
        <Attr Name="UsedIn" Val="implementation"/>
        <Attr Name="UsedIn" Val="simulation"/>
      </FileInfo>
    </File>
    <File Path="$PSRCDIR/sources_1/new/mass_hold.v">
      <FileInfo>
        <Attr Name="ImportPath" Val="E:/Google Drive/NUS CEG Undergraduate/AY2018-2019 Semester 1/EE2026/Lab_ChunLik/Voice Scope Project/Graded project/VC_Project_Final_v3/VC_Project_Final_v1/Voice_Scope_ChunLik_v13/Voice_Scope_ChunLik_v13/Voice_Scope_ChunLik_v13.srcs/sources_1/new/mass_hold.v"/>
        <Attr Name="ImportTime" Val="1540816573"/>
        <Attr Name="UsedIn" Val="synthesis"/>
        <Attr Name="UsedIn" Val="implementation"/>
        <Attr Name="UsedIn" Val="simulation"/>
      </FileInfo>
    </File>
    <File Path="$PSRCDIR/sources_1/new/LED_calibrate.v">
      <FileInfo>
        <Attr Name="ImportPath" Val="E:/Google Drive/NUS CEG Undergraduate/AY2018-2019 Semester 1/EE2026/Lab_ChunLik/Voice Scope Project/Graded project/VC_Project_Final_v3/VC_Project_Final_v1/Voice_Scope_ChunLik_v13/Voice_Scope_ChunLik_v13/Voice_Scope_ChunLik_v13.srcs/sources_1/new/LED_calibrate.v"/>
        <Attr Name="ImportTime" Val="1540837650"/>
        <Attr Name="UsedIn" Val="synthesis"/>
        <Attr Name="UsedIn" Val="implementation"/>
        <Attr Name="UsedIn" Val="simulation"/>
      </FileInfo>
    </File>
    <File Path="$PSRCDIR/sources_1/new/averaging.v">
      <FileInfo>
        <Attr Name="ImportPath" Val="E:/Google Drive/NUS CEG Undergraduate/AY2018-2019 Semester 1/EE2026/Lab_ChunLik/Voice Scope Project/Graded project/VC_Project_Final_v3/VC_Project_Final_v1/Voice_Scope_ChunLik_v13/Voice_Scope_ChunLik_v13/Voice_Scope_ChunLik_v13.srcs/sources_1/new/averaging.v"/>
        <Attr Name="ImportTime" Val="1540831969"/>
        <Attr Name="UsedIn" Val="synthesis"/>
        <Attr Name="UsedIn" Val="implementation"/>
        <Attr Name="UsedIn" Val="simulation"/>
      </FileInfo>
    </File>
    <File Path="$PSRCDIR/sources_1/new/Pixel_On_Text2.vhd">
      <FileInfo>
        <Attr Name="ImportPath" Val="E:/Google Drive/NUS CEG Undergraduate/AY2018-2019 Semester 1/EE2026/Lab_ChunLik/Voice Scope Project/Graded project/VC_Project_Final_v3/VC_Project_Final_v1/Voice_Scope_ChunLik_v15/Voice_Scope_ChunLik_v15.srcs/sources_1/new/Pixel_On_Text2.vhd"/>
        <Attr Name="ImportTime" Val="1541084356"/>
        <Attr Name="UsedIn" Val="synthesis"/>
        <Attr Name="UsedIn" Val="simulation"/>
      </FileInfo>
    </File>
    <File Path="$PSRCDIR/sources_1/new/commonPak.vhd">
      <FileInfo>
        <Attr Name="ImportPath" Val="E:/Google Drive/NUS CEG Undergraduate/AY2018-2019 Semester 1/EE2026/Lab_ChunLik/Voice Scope Project/Graded project/VC_Project_Final_v3/VC_Project_Final_v1/Voice_Scope_ChunLik_v15/Voice_Scope_ChunLik_v15.srcs/sources_1/new/commonPak.vhd"/>
        <Attr Name="ImportTime" Val="1541084339"/>
        <Attr Name="UsedIn" Val="synthesis"/>
        <Attr Name="UsedIn" Val="simulation"/>
      </FileInfo>
    </File>
    <File Path="$PSRCDIR/sources_1/new/Font_Rom.vhd">
      <FileInfo>
        <Attr Name="ImportPath" Val="E:/Google Drive/NUS CEG Undergraduate/AY2018-2019 Semester 1/EE2026/Lab_ChunLik/Voice Scope Project/Graded project/VC_Project_Final_v3/VC_Project_Final_v1/Voice_Scope_ChunLik_v15/Voice_Scope_ChunLik_v15.srcs/sources_1/new/Font_Rom.vhd"/>
        <Attr Name="ImportTime" Val="1541084341"/>
        <Attr Name="UsedIn" Val="synthesis"/>
        <Attr Name="UsedIn" Val="simulation"/>
      </FileInfo>
    </File>
    <File Path="$PSRCDIR/sources_1/new/Draw_Background_Small.v">
      <FileInfo>
        <Attr Name="ImportPath" Val="E:/Google Drive/NUS CEG Undergraduate/AY2018-2019 Semester 1/EE2026/Lab_ChunLik/Voice Scope Project/Graded project/VC_Project_Final_v3/VC_Project_Final_v1/Voice_Scope_ChunLik_v15/Voice_Scope_ChunLik_v15.srcs/sources_1/new/Draw_Background_Small.v"/>
        <Attr Name="ImportTime" Val="1541087530"/>
        <Attr Name="UsedIn" Val="synthesis"/>
        <Attr Name="UsedIn" Val="implementation"/>
        <Attr Name="UsedIn" Val="simulation"/>
      </FileInfo>
    </File>
    <Config>
      <Option Name="DesignMode" Val="RTL"/>
      <Option Name="TopModule" Val="Voice_Scope_TOP"/>
    </Config>
  </FileSet>
  <FileSet Name="constrs_in" Type="Constrs" RelSrcDir="$PSRCDIR/constrs_1">
    <Filter Type="Constrs"/>
    <File Path="$PSRCDIR/constrs_1/imports/new/Basys3_Master.xdc">
      <FileInfo>
        <Attr Name="ImportPath" Val="F:/../../../../../EE2026 AY18-19 SEM1/Project/ForStudents/Voice_Scope_Project_Template.xpr/Voice_Scope_Project_Template/Voice_Scope_Project_Template.srcs/constrs_1/new/Basys3_Master.xdc"/>
        <Attr Name="ImportTime" Val="1537964798"/>
        <Attr Name="UsedIn" Val="synthesis"/>
        <Attr Name="UsedIn" Val="implementation"/>
      </FileInfo>
    </File>
    <Config>
      <Option Name="ConstrsType" Val="XDC"/>
    </Config>
  </FileSet>
  <Strategy Version="1" Minor="2">
    <StratHandle Name="Vivado Synthesis Defaults" Flow="Vivado Synthesis 2016"/>
    <Step Id="synth_design"/>
  </Strategy>
</GenRun>
